<?xml version="1.0" encoding="UTF-8"?>
<!--
 - Copyright 2013 Red Hat Inc. and/or its affiliates and other contributors.
 - 
 - Licensed under the Apache License, Version 2.0 (the "License");
 - you may not use this file except in compliance with the License.
 - You may obtain a copy of the License at
 - http://www.apache.org/licenses/LICENSE-2.0
 - Unless required by applicable law or agreed to in writing, software
 - distributed under the License is distributed on an "AS IS" BASIS,
 - WITHOUT WARRANTIES OR CONDITIONS OF ANY KIND, either express or implied.
 - See the License for the specific language governing permissions and
 - limitations under the License.
 -->
<module xmlns="urn:jboss:module:1.0" name="org.apache.camel.xstream">


    <resources>
        <resource-root path="camel-xstream-2.10.0.redhat-60024.jar"/>
    </resources>

    <dependencies>
        <module name="org.slf4j"/>
        <module name="org.apache.camel.core"/>
        <module name="javax.api"/>
        <module name="org.jdom"/>
        <module name="org.dom4j"/>
        <module name="org.joda.time"/>
        <module name="com.thoughtworks.xstream"/>
        <module name="org.codehaus.jettison"/>
    </dependencies>
</module>